Item_ID,Category,Price
Item_1,Sports,241.2301111111111
Item_10,Sports,260.26104477611943
Item_100,Movies,228.92396551724138
Item_1000,Home,248.93975308641973
Item_1001,Home,233.03333333333333
Item_1002,Electronics,275.2080281690141
Item_1003,Movies,243.44970149253732
Item_1004,Movies,229.24213333333333
Item_1005,Electronics,251.75604938271607
Item_1006,Electronics,231.94467741935483
Item_1007,Beauty,242.81184210526317
Item_1008,Sports,271.383125
Item_1009,Home,274.63042253521127
Item_101,Electronics,248.41153846153847
Item_1010,Sports,250.69287500000002
Item_1011,Movies,255.96773333333337
Item_1012,Books,260.49089743589747
Item_1013,Home,270.31491803278686
Item_1014,Sports,223.74
Item_1015,Electronics,265.40285714285716
Item_1016,Sports,261.5727027027027
Item_1017,Beauty,233.9075
Item_1018,Music,250.600989010989
Item_1019,Music,277.75943661971826
Item_102,Games,255.4391891891892
Item_1020,Beauty,238.4472463768116
Item_1021,Sports,281.3805479452055
Item_1022,Home,253.5246511627907
Item_1023,Sports,224.1008791208791
Item_1024,Games,248.015
Item_1025,Books,225.00130952380954
Item_1026,Music,252.09697674418604
Item_1027,Sports,260.9193243243243
Item_1028,Home,274.1794520547945
Item_1029,Electronics,223.93628571428573
Item_103,Books,265.8713432835821
Item_1030,Electronics,255.3808333333333
Item_1031,Electronics,247.6561818181818
Item_1032,Sports,243.40013513513514
Item_1033,Beauty,260.09945945945947
Item_1034,Home,244.53282051282054
Item_1035,Books,269.73805970149255
Item_1036,Clothing,210.75561643835616
Item_1037,Books,250.25767441860464
Item_1038,Music,229.59276923076925
Item_1039,Home,223.0767073170732
Item_104,Games,235.98864864864865
Item_1040,Electronics,239.85605263157896
Item_1041,Books,242.166301369863
Item_1042,Books,284.19414634146347
Item_1043,Home,251.92710843373496
Item_1044,Sports,236.21716417910446
Item_1045,Home,258.1903947368421
Item_1046,Music,236.08554347826086
Item_1047,Home,244.428
Item_1048,Books,242.77077777777777
Item_1049,Home,254.84681818181818
Item_105,Sports,237.31712499999998
Item_1050,Home,235.28036363636363
Item_1051,Sports,255.56214285714285
Item_1052,Books,238.11950617283952
Item_1053,Music,255.954875
Item_1054,Movies,228.6091935483871
Item_1055,Movies,249.9992682926829
Item_1056,Beauty,235.6522988505747
Item_1057,Home,217.04460526315788
Item_1058,Movies,257.9525
Item_1059,Music,281.23154929577464
Item_106,Electronics,231.45102564102564
Item_1060,Music,229.9251282051282
Item_1061,Clothing,260.13694736842103
Item_1062,Movies,251.48058823529414
Item_1063,Beauty,267.6377049180328
Item_1064,Sports,232.8355844155844
Item_1065,Music,292.70115942028986
Item_1066,Sports,262.47954022988506
Item_1067,Beauty,248.69325581395347
Item_1068,Music,246.871797752809
Item_1069,Home,222.95066666666665
Item_107,Sports,239.0677049180328
Item_1070,Books,254.560447761194
Item_1071,Home,253.09756756756758
Item_1072,Beauty,269.1011235955056
Item_1073,Home,263.80536585365854
Item_1074,Movies,246.82115384615386
Item_1075,Movies,252.84293333333335
Item_1076,Clothing,252.64908045977012
Item_1077,Movies,232.24599999999998
Item_1078,Beauty,282.16999999999996
Item_1079,Beauty,252.56133333333335
Item_108,Sports,250.62806451612903
Item_1080,Games,240.0809523809524
Item_1081,Home,263.66487179487183
Item_1082,Movies,254.84561643835616
Item_1083,Electronics,237.05616438356162
Item_1084,Sports,272.1934328358209
Item_1085,Movies,241.03088235294115
Item_1086,Beauty,247.16927536231884
Item_1087,Movies,258.68984615384613
Item_1088,Sports,265.52458333333334
Item_1089,Home,265.1627160493827
Item_109,Beauty,261.6985185185185
Item_1090,Movies,273.5852564102564
Item_1091,Games,245.93
Item_1092,Beauty,233.19454545454545
Item_1093,Clothing,258.1651612903226
Item_1094,Beauty,256.0907407407407
Item_1095,Books,253.9702564102564
Item_1096,Music,257.3375675675676
Item_1097,Games,264.44119402985075
Item_1098,Home,262.2242857142857
Item_1099,Home,249.65410256410257
Item_11,Electronics,247.89987179487179
Item_110,Books,251.33863636363637
Item_1100,Beauty,241.28059523809523
Item_1101,Games,261.02354430379745
Item_1102,Clothing,298.45693548387095
Item_1103,Beauty,224.03863013698628
Item_1104,Games,247.43973684210528
Item_1105,Sports,260.7242857142857
Item_1106,Games,248.72589041095893
Item_1107,Electronics,241.29011627906976
Item_1108,Clothing,269.07179487179485
Item_1109,Music,272.17859375
Item_111,Sports,233.44153846153847
Item_1110,Games,245.94464788732395
Item_1111,Games,258.0369736842105
Item_1112,Beauty,262.52590909090907
Item_1113,Books,271.865641025641
Item_1114,Games,269.07882352941175
Item_1115,Sports,266.38366197183103
Item_1116,Music,270.9313157894737
Item_1117,Music,293.97444444444443
Item_1118,Clothing,278.38276923076927
Item_1119,Games,267.2698484848485
Item_112,Beauty,224.54835443037973
Item_1120,Books,252.015
Item_1121,Clothing,253.70759999999999
Item_1122,Beauty,236.9278787878788
Item_1123,Music,260.8002409638554
Item_1124,Games,257.9502777777777
Item_1125,Electronics,285.4121875
Item_1126,Games,261.10277108433735
Item_1127,Games,244.66123456790126
Item_1128,Electronics,258.29738461538466
Item_1129,Music,227.60623376623377
Item_113,Movies,244.07476190476189
Item_1130,Home,262.6235483870968
Item_1131,Movies,277.5507317073171
Item_1132,Books,230.44728395061728
Item_1133,Clothing,231.72037500000002
Item_1134,Home,210.85166666666666
Item_1135,Music,238.24112676056336
Item_1136,Clothing,261.4198734177215
Item_1137,Electronics,270.9913235294118
Item_1138,Home,255.3023943661972
Item_1139,Beauty,241.33666666666664
Item_114,Beauty,276.26454545454544
Item_1140,Home,273.01706666666666
Item_1141,Movies,259.0524358974359
Item_1142,Beauty,241.8170422535211
Item_1143,Home,247.55493150684936
Item_1144,Sports,248.9743333333333
Item_1145,Home,238.08346153846156
Item_1146,Music,273.1069620253165
Item_1147,Home,220.00641975308642
Item_1148,Beauty,272.55260869565217
Item_1149,Games,250.92333333333332
Item_115,Games,287.7134210526316
Item_1150,Books,255.61013698630137
Item_1151,Books,275.6411428571429
Item_1152,Sports,250.46324675324678
Item_1153,Home,233.75077777777778
Item_1154,Beauty,242.61737499999998
Item_1155,Music,258.33843373493977
Item_1156,Home,246.77602564102563
Item_1157,Books,267.59260273972603
Item_1158,Sports,247.60714285714286
Item_1159,Home,256.60296875
Item_116,Clothing,254.48415584415582
Item_1160,Music,249.07234567901236
Item_1161,Sports,249.295
Item_1162,Clothing,252.84333333333333
Item_1163,Movies,230.37438356164387
Item_1164,Home,265.8536046511628
Item_1165,Movies,243.98791666666668
Item_1166,Movies,244.04861111111111
Item_1167,Beauty,230.5031884057971
Item_1168,Home,249.60662162162163
Item_1169,Home,237.9448611111111
Item_117,Music,247.07518518518518
Item_1170,Movies,268.6696226415094
Item_1171,Sports,273.77333333333337
Item_1172,Electronics,254.31696969696966
Item_1173,Games,275.19361111111107
Item_1174,Electronics,261.07720930232557
Item_1175,Home,270.35060240963855
Item_1176,Movies,248.52208333333334
Item_1177,Electronics,241.09641025641025
Item_1178,Music,244.070843373494
Item_1179,Sports,260.42081395348833
Item_118,Electronics,257.3883720930233
Item_1180,Electronics,253.51028571428574
Item_1181,Beauty,227.56207792207792
Item_1182,Sports,264.9106593406593
Item_1183,Movies,257.9065789473684
Item_1184,Games,245.3168604651163
Item_1185,Books,236.30140350877193
Item_1186,Sports,268.87875
Item_1187,Clothing,254.33439393939395
Item_1188,Electronics,244.06842105263158
Item_1189,Books,260.0372857142857
Item_119,Beauty,235.06613636363636
Item_1190,Home,247.9502857142857
Item_1191,Books,259.90311475409834
Item_1192,Beauty,246.8270588235294
Item_1193,Electronics,235.53828124999998
Item_1194,Beauty,272.8637333333333
Item_1195,Clothing,232.96037037037038
Item_1196,Beauty,236.4809589041096
Item_1197,Electronics,267.1466216216216
Item_1198,Home,273.73940298507466
Item_1199,Sports,281.05164835164834
Item_12,Books,242.42363636363635
Item_120,Electronics,251.86149253731344
Item_1200,Books,270.954
Item_1201,Music,249.74724999999998
Item_1202,Sports,249.7409836065574
Item_1203,Home,297.60486842105263
Item_1204,Games,254.23479452054795
Item_1205,Home,261.8571641791045
Item_1206,Sports,256.431095890411
Item_1207,Home,247.19225
Item_1208,Sports,279.76818181818186
Item_1209,Sports,270.8568831168831
Item_121,Clothing,237.4403614457831
Item_1210,Books,267.1306976744186
Item_1211,Games,256.4256923076923
Item_1212,Beauty,248.404875
Item_1213,Home,249.50564516129032
Item_1214,Books,221.122183908046
Item_1215,Electronics,249.7804
Item_1216,Games,215.59756756756755
Item_1217,Sports,237.43107692307694
Item_1218,Electronics,221.70916666666665
Item_1219,Beauty,259.5652542372881
Item_122,Home,236.54611111111112
Item_1220,Clothing,264.4738823529412
Item_1221,Beauty,237.44654320987658
Item_1222,Home,263.6410769230769
Item_1223,Home,260.09423076923076
Item_1224,Home,265.2651785714286
Item_1225,Electronics,219.1716129032258
Item_1226,Sports,255.57792207792207
Item_1227,Beauty,262.13577464788733
Item_1228,Electronics,226.05796875
Item_1229,Clothing,246.30413793103446
Item_123,Sports,256.2890476190476
Item_1230,Electronics,243.54189873417724
Item_1231,Movies,241.90547945205478
Item_1232,Games,254.62583333333336
Item_1233,Books,253.01732558139537
Item_1234,Movies,256.122027027027
Item_1235,Electronics,280.3225641025641
Item_1236,Music,266.6813846153846
Item_1237,Clothing,215.76180555555555
Item_1238,Music,236.74264705882354
Item_1239,Music,242.722
Item_124,Movies,268.4417021276596
Item_1240,Music,254.02579545454546
Item_1241,Music,266.33925373134326
Item_1242,Music,238.10560000000004
Item_1243,Sports,255.43011904761906
Item_1244,Movies,263.81154761904764
Item_1245,Beauty,250.93493975903613
Item_1246,Home,238.05109375
Item_1247,Music,273.4605952380952
Item_1248,Movies,235.96074074074073
Item_1249,Electronics,254.44805194805195
Item_125,Home,240.78440000000003
Item_1250,Home,241.39376811594207
Item_1251,Books,293.36357142857145
Item_1252,Music,250.2932894736842
Item_1253,Movies,256.1035
Item_1254,Movies,230.73191780821918
Item_1255,Beauty,237.4069230769231
Item_1256,Movies,225.06148648648647
Item_1257,Beauty,252.22969696969696
Item_1258,Clothing,271.3262666666667
Item_1259,Sports,268.77805555555557
Item_126,Clothing,260.51714285714286
Item_1260,Electronics,246.13414285714285
Item_1261,Beauty,253.67794871794874
Item_1262,Games,261.18737500000003
Item_1263,Beauty,240.3705681818182
Item_1264,Beauty,243.02569767441858
Item_1265,Clothing,232.8215294117647
Item_1266,Beauty,227.48
Item_1267,Home,230.1267469879518
Item_1268,Movies,259.0695774647887
Item_1269,Electronics,249.4075903614458
Item_127,Sports,199.95298701298702
Item_1270,Beauty,216.3070512820513
Item_1271,Games,236.71166666666667
Item_1272,Movies,250.91202898550725
Item_1273,Books,234.77358974358975
Item_1274,Music,282.00402777777776
Item_1275,Clothing,234.2006172839506
Item_1276,Movies,224.9309090909091
Item_1277,Sports,248.65692307692305
Item_1278,Music,256.4468817204301
Item_1279,Movies,227.4805479452055
Item_128,Movies,266.8325757575758
Item_1280,Games,284.37363636363636
Item_1281,Music,275.36529411764707
Item_1282,Electronics,269.9761038961039
Item_1283,Beauty,266.92802816901406
Item_1284,Beauty,266.370895522388
Item_1285,Electronics,251.2806976744186
Item_1286,Sports,249.21341176470588
Item_1287,Games,268.7733333333333
Item_1288,Home,229.34916666666666
Item_1289,Clothing,256.4477922077922
Item_129,Games,268.21608108108103
Item_1290,Books,247.81413333333336
Item_1291,Books,279.78507462686565
Item_1292,Books,245.36042857142857
Item_1293,Games,264.52583333333337
Item_1294,Sports,234.2198717948718
Item_1295,Music,250.2424418604651
Item_1296,Music,246.12628571428573
Item_1297,Beauty,231.37941176470588
Item_1298,Beauty,258.9913953488372
Item_1299,Movies,269.76086419753085
Item_13,Beauty,252.82819277108436
Item_130,Movies,253.40283783783786
Item_1300,Books,268.99013698630137
Item_1301,Games,263.49308641975307
Item_1302,Beauty,282.5325352112676
Item_1303,Electronics,254.2991463414634
Item_1304,Electronics,241.2738356164384
Item_1305,Music,224.46166666666664
Item_1306,Home,239.5741176470588
Item_1307,Movies,244.96772727272727
Item_1308,Books,254.70557142857143
Item_1309,Movies,225.7560655737705
Item_131,Games,261.5761842105263
Item_1310,Books,230.79010869565215
Item_1311,Clothing,246.04876404494382
Item_1312,Beauty,270.2926086956522
Item_1313,Home,233.47
Item_1314,Books,227.23123287671234
Item_1315,Electronics,260.40197530864197
Item_1316,Books,235.13819444444445
Item_1317,Games,271.64039473684215
Item_1318,Movies,260.6887951807229
Item_1319,Sports,243.37684210526314
Item_132,Sports,254.7488235294118
Item_1320,Movies,251.48680555555555
Item_1321,Sports,217.74671232876713
Item_1322,Beauty,241.92111111111112
Item_1323,Beauty,247.33238095238093
Item_1324,Electronics,273.56283783783783
Item_1325,Home,235.17808219178082
Item_1326,Clothing,238.49683544303798
Item_1327,Clothing,271.170843373494
Item_1328,Books,267.7058208955224
Item_1329,Games,251.0092857142857
Item_133,Games,259.8115189873418
Item_1330,Games,231.59295774647885
Item_1331,Sports,235.62873239436618
Item_1332,Games,256.83696629213483
Item_1333,Home,261.51197368421055
Item_1334,Movies,268.1740277777778
Item_1335,Music,232.67910447761193
Item_1336,Home,254.86513513513515
Item_1337,Games,239.81648648648653
Item_1338,Electronics,242.59045977011493
Item_1339,Clothing,280.0081012658228
Item_134,Games,247.90211267605633
Item_1340,Clothing,261.73555555555555
Item_1341,Books,254.657625
Item_1342,Beauty,239.35999999999999
Item_1343,Beauty,222.79626865671642
Item_1344,Electronics,282.12033898305083
Item_1345,Beauty,267.49853333333334
Item_1346,Clothing,287.6543373493976
Item_1347,Games,244.49597701149426
Item_1348,Movies,247.9056756756757
Item_1349,Sports,267.9973076923077
Item_135,Games,266.2449275362319
Item_1350,Home,263.9276119402985
Item_1351,Clothing,278.65153846153845
Item_1352,Games,262.15175675675675
Item_1353,Books,248.9960714285714
Item_1354,Electronics,244.84794520547948
Item_1355,Beauty,259.1108823529412
Item_1356,Books,262.9726582278481
Item_1357,Games,273.9204615384615
Item_1358,Electronics,261.89197183098594
Item_1359,Games,252.91716417910447
Item_136,Games,245.04282051282053
Item_1360,Home,252.66625000000002
Item_1361,Beauty,247.82518518518518
Item_1362,Home,261.18388235294117
Item_1363,Games,266.18657534246574
Item_1364,Music,242.23759493670886
Item_1365,Music,281.3383116883117
Item_1366,Home,232.26390243902438
Item_1367,Movies,232.47367647058826
Item_1368,Games,253.23386666666667
Item_1369,Clothing,249.67800000000003
Item_137,Games,257.20067567567565
Item_1370,Books,272.28753086419755
Item_1371,Electronics,223.24918918918917
Item_1372,Electronics,215.79050632911392
Item_1373,Music,238.30298701298705
Item_1374,Clothing,266.92392405063293
Item_1375,Music,280.36203125
Item_1376,Electronics,249.5588888888889
Item_1377,Electronics,249.60342105263157
Item_1378,Movies,268.8403076923077
Item_1379,Music,256.565
Item_138,Games,244.37925925925927
Item_1380,Music,243.02438356164382
Item_1381,Electronics,238.69479452054796
Item_1382,Sports,279.72962025316457
Item_1383,Books,245.94426470588235
Item_1384,Movies,262.53589285714287
Item_1385,Electronics,261.3552702702703
Item_1386,Movies,232.6808108108108
Item_1387,Games,248.18878048780488
Item_1388,Music,246.56310344827588
Item_1389,Beauty,249.2318987341772
Item_139,Electronics,236.9503125
Item_1390,Sports,243.51960526315793
Item_1391,Games,266.1232876712329
Item_1392,Games,269.11538461538464
Item_1393,Books,249.4506172839506
Item_1394,Electronics,266.44449275362314
Item_1395,Electronics,245.83855421686746
Item_1396,Games,249.56481012658227
Item_1397,Sports,258.5593548387097
Item_1398,Home,235.9713043478261
Item_1399,Beauty,235.67517241379312
Item_14,Clothing,246.83737704918033
Item_140,Sports,255.07861111111112
Item_1400,Beauty,250.38320987654322
Item_1401,Electronics,255.09379310344826
Item_1402,Books,262.82129032258064
Item_1403,Beauty,249.86833333333334
Item_1404,Games,267.486
Item_1405,Sports,259.99974025974024
Item_1406,Sports,279.75518518518516
Item_1407,Electronics,246.70011111111108
Item_1408,Games,236.83
Item_1409,Beauty,247.2906818181818
Item_141,Sports,278.60558823529414
Item_1410,Music,267.0191025641025
Item_1411,Movies,263.0090789473684
Item_1412,Movies,227.72704225352115
Item_1413,Home,273.3289855072464
Item_1414,Movies,247.20218390804598
Item_1415,Music,255.3130769230769
Item_1416,Games,270.1696825396825
Item_1417,Clothing,265.6391549295775
Item_1418,Sports,273.056875
Item_1419,Music,264.5591891891892
Item_142,Games,251.57240506329114
Item_1420,Games,261.47375
Item_1421,Sports,245.08162162162162
Item_1422,Music,242.09382716049382
Item_1423,Beauty,248.1904347826087
Item_1424,Books,227.19043010752688
Item_1425,Clothing,258.27565217391304
Item_1426,Electronics,290.680125
Item_1427,Home,255.83304347826086
Item_1428,Electronics,231.4740789473684
Item_1429,Books,250.49555555555557
Item_143,Books,255.67096385542166
Item_1430,Music,228.14589743589744
Item_1431,Home,267.6533734939759
Item_1432,Music,245.8627027027027
Item_1433,Beauty,247.91136363636363
Item_1434,Electronics,248.17178082191782
Item_1435,Movies,234.3906493506493
Item_1436,Books,261.93784810126584
Item_1437,Electronics,239.06276923076922
Item_1438,Books,250.2191379310345
Item_1439,Music,241.37269662921346
Item_144,Games,249.9390361445783
Item_1440,Books,271.3353086419753
Item_1441,Games,230.394776119403
Item_1442,Home,268.4583333333333
Item_1443,Books,265.73
Item_1444,Games,225.44098591549294
Item_1445,Sports,261.95380281690143
Item_1446,Games,230.61445945945948
Item_1447,Beauty,247.47952941176467
Item_1448,Games,246.55166666666668
Item_1449,Home,215.9068
Item_145,Books,287.19011494252874
Item_1450,Beauty,252.77975308641976
Item_1451,Beauty,253.02
Item_1452,Movies,248.75538461538463
Item_1453,Books,274.2894871794872
Item_1454,Clothing,245.98774647887325
Item_1455,Clothing,271.10476190476186
Item_1456,Beauty,229.52350649350652
Item_1457,Sports,241.1010606060606
Item_1458,Sports,281.3083076923077
Item_1459,Home,245.14384615384617
Item_146,Music,271.6405494505495
Item_1460,Games,253.1568421052632
Item_1461,Electronics,271.0210465116279
Item_1462,Games,231.914776119403
Item_1463,Sports,259.9684285714286
Item_1464,Games,271.06675
Item_1465,Home,230.0336363636364
Item_1466,Games,232.42579710144926
Item_1467,Sports,265.8955555555556
Item_1468,Beauty,258.8780303030303
Item_1469,Beauty,241.69222222222223
Item_147,Games,245.19052631578947
Item_1470,Music,275.5194936708861
Item_1471,Music,221.19329545454545
Item_1472,Home,277.87444444444446
Item_1473,Electronics,269.99567164179103
Item_1474,Beauty,265.89425287356323
Item_1475,Music,257.31493150684935
Item_1476,Books,268.31476190476195
Item_1477,Clothing,251.01506493506494
Item_1478,Electronics,232.1975
Item_1479,Beauty,254.37306666666666
Item_148,Sports,253.83411764705883
Item_1480,Movies,237.73383720930232
Item_1481,Books,254.29265822784808
Item_1482,Books,233.38473684210527
Item_1483,Beauty,269.6980327868853
Item_1484,Electronics,254.69092307692307
Item_1485,Beauty,235.815641025641
Item_1486,Books,243.83788732394368
Item_1487,Music,257.3645833333333
Item_1488,Home,310.42059701492536
Item_1489,Games,275.47275
Item_149,Games,292.67848484848486
Item_1490,Clothing,227.5437142857143
Item_1491,Games,252.40556962025317
Item_1492,Electronics,255.25766233766234
Item_1493,Home,269.0474666666667
Item_1494,Movies,229.68690476190477
Item_1495,Music,265.494
Item_1496,Books,238.54714285714286
Item_1497,Movies,209.01016949152543
Item_1498,Books,283.4182666666666
Item_1499,Beauty,260.05397435897436
Item_15,Books,239.74390804597704
Item_150,Beauty,247.73128205128205
Item_1500,Home,231.19576923076923
Item_1501,Clothing,213.9091304347826
Item_1502,Electronics,245.80999999999997
Item_1503,Clothing,265.06434782608693
Item_1504,Games,265.91346666666664
Item_1505,Games,257.3333333333333
Item_1506,Movies,225.65469696969694
Item_1507,Electronics,255.19962025316457
Item_1508,Movies,269.26238095238097
Item_1509,Electronics,270.9081818181818
Item_151,Books,228.74092307692308
Item_1510,Books,242.105625
Item_1511,Music,256.67970149253733
Item_1512,Electronics,236.84632183908047
Item_1513,Music,234.05826086956523
Item_1514,Music,256.5315853658537
Item_1515,Home,257.623875
Item_1516,Beauty,252.653908045977
Item_1517,Books,273.8042857142857
Item_1518,Movies,254.37111111111113
Item_1519,Home,239.42369863013698
Item_152,Beauty,240.41576271186443
Item_1520,Games,250.51973333333333
Item_1521,Sports,224.34169014084506
Item_1522,Music,272.21505494505493
Item_1523,Home,254.5039285714286
Item_1524,Books,256.2451282051282
Item_1525,Music,272.46567164179106
Item_1526,Sports,246.15216216216214
Item_1527,Games,244.25644444444447
Item_1528,Books,275.199
Item_1529,Books,273.3980555555556
Item_153,Clothing,235.76797101449276
Item_1530,Beauty,242.5301234567901
Item_1531,Games,253.61506666666668
Item_1532,Electronics,263.445119047619
Item_1533,Games,280.0284722222222
Item_1534,Music,260.0725
Item_1535,Movies,239.47219178082193
Item_1536,Movies,264.26425
Item_1537,Electronics,252.6874647887324
Item_1538,Books,265.99391304347824
Item_1539,Home,266.3602564102564
Item_154,Home,264.1788888888889
Item_1540,Music,251.64917808219178
Item_1541,Sports,237.80418604651163
Item_1542,Clothing,249.09099999999998
Item_1543,Music,231.39057471264368
Item_1544,Home,283.98037974683547
Item_1545,Electronics,212.005974025974
Item_1546,Books,246.44511111111112
Item_1547,Music,273.2244827586207
Item_1548,Clothing,263.0504938271605
Item_1549,Home,233.4243209876543
Item_155,Sports,273.6102352941176
Item_1550,Books,252.51098591549294
Item_1551,Sports,251.5242647058824
Item_1552,Sports,225.5547435897436
Item_1553,Movies,243.64660714285716
Item_1554,Movies,243.75934210526316
Item_1555,Home,242.1932911392405
Item_1556,Beauty,235.72625
Item_1557,Electronics,246.89011904761907
Item_1558,Books,253.92475409836067
Item_1559,Movies,246.4080487804878
Item_156,Music,250.003698630137
Item_1560,Movies,238.9391891891892
Item_1561,Electronics,255.02550561797753
Item_1562,Books,248.696
Item_1563,Sports,260.3552325581395
Item_1564,Electronics,241.4270512820513
Item_1565,Clothing,264.8194366197183
Item_1566,Sports,261.23
Item_1567,Books,251.75765432098765
Item_1568,Sports,228.16448717948717
Item_1569,Books,261.82529411764705
Item_157,Movies,232.71389610389613
Item_1570,Movies,259.91753623188407
Item_1571,Games,249.36599999999999
Item_1572,Clothing,256.55470588235295
Item_1573,Movies,263.72421686746986
Item_1574,Clothing,248.40154761904762
Item_1575,Games,225.34341463414634
Item_1576,Books,244.44277108433735
Item_1577,Beauty,233.69370967741935
Item_1578,Movies,233.5412676056338
Item_1579,Sports,243.1497435897436
Item_158,Books,234.95644736842104
Item_1580,Sports,234.8475
Item_1581,Games,228.2173913043478
Item_1582,Movies,253.46621951219512
Item_1583,Home,270.51687499999997
Item_1584,Music,256.4367142857143
Item_1585,Music,228.9194366197183
Item_1586,Clothing,269.7091860465116
Item_1587,Beauty,257.6155128205128
Item_1588,Games,231.81705128205127
Item_1589,Clothing,236.77962025316455
Item_159,Music,251.5844
Item_1590,Music,261.48915662650603
Item_1591,Books,239.10500000000002
Item_1592,Beauty,242.4416923076923
Item_1593,Music,270.1366153846154
Item_1594,Books,233.74453333333332
Item_1595,Books,267.16485294117643
Item_1596,Clothing,267.2482191780822
Item_1597,Books,257.6018309859155
Item_1598,Games,250.67399999999998
Item_1599,Home,240.742
Item_16,Clothing,249.53329268292683
Item_160,Clothing,220.38683333333333
Item_1600,Electronics,266.42686046511625
Item_1601,Movies,241.42363636363635
Item_1602,Games,247.08950000000002
Item_1603,Clothing,232.34984375
Item_1604,Books,270.1073076923077
Item_1605,Movies,239.29390625
Item_1606,Games,253.93632183908045
Item_1607,Games,263.422676056338
Item_1608,Music,232.23850746268656
Item_1609,Sports,256.4679104477612
Item_161,Clothing,272.0753424657534
Item_1610,Games,237.17582278481012
Item_1611,Games,243.396301369863
Item_1612,Music,263.37742424242424
Item_1613,Music,224.09457142857144
Item_1614,Movies,233.00256410256412
Item_1615,Games,259.77517241379314
Item_1616,Electronics,223.26425287356324
Item_1617,Electronics,280.3499019607843
Item_1618,Movies,248.98933333333335
Item_1619,Books,267.5848275862069
Item_162,Home,268.60731707317075
Item_1620,Music,246.017027027027
Item_1621,Clothing,261.8990909090909
Item_1622,Music,237.10609756097563
Item_1623,Games,265.2591304347826
Item_1624,Movies,244.6341463414634
Item_1625,Music,267.50385714285716
Item_1626,Games,283.77027397260275
Item_1627,Movies,215.0504938271605
Item_1628,Clothing,204.0680882352941
Item_1629,Home,241.835376344086
Item_163,Games,246.2325316455696
Item_1630,Home,253.75526315789475
Item_1631,Beauty,281.95402777777775
Item_1632,Books,269.47676923076926
Item_1633,Electronics,261.7345714285714
Item_1634,Movies,234.73955882352942
Item_1635,Music,265.37432432432433
Item_1636,Sports,262.41
Item_1637,Games,255.56275862068964
Item_1638,Games,272.4947872340425
Item_1639,Home,266.6178947368421
Item_164,Beauty,254.85465753424657
Item_1640,Games,252.63802469135803
Item_1641,Clothing,256.0275
Item_1642,Beauty,250.84353658536583
Item_1643,Movies,287.5287804878049
Item_1644,Games,245.9519178082192
Item_1645,Beauty,259.9498571428572
Item_1646,Music,242.8286956521739
Item_1647,Games,255.54246376811594
Item_1648,Books,259.0987341772152
Item_1649,Home,251.0068604651163
Item_165,Clothing,236.51064516129034
Item_1650,Sports,237.46055555555554
Item_1651,Music,274.4006153846154
Item_1652,Music,282.7278787878788
Item_1653,Beauty,228.14164179104478
Item_1654,Movies,217.98194805194805
Item_1655,Sports,231.18621212121212
Item_1656,Books,198.4528125
Item_1657,Books,249.73823529411766
Item_1658,Electronics,271.63137931034487
Item_1659,Games,236.51294117647058
Item_166,Clothing,243.26484375
Item_1660,Movies,252.3777922077922
Item_1661,Games,243.21060240963854
Item_1662,Movies,252.53447916666667
Item_1663,Sports,294.99093750000003
Item_1664,Clothing,271.75515625
Item_1665,Beauty,270.52000000000004
Item_1666,Home,265.10770270270274
Item_1667,Clothing,241.3665882352941
Item_1668,Music,257.32887500000004
Item_1669,Clothing,271.785641025641
Item_167,Sports,266.5716176470588
Item_1670,Games,224.70207792207793
Item_1671,Clothing,224.09842857142857
Item_1672,Books,247.66326086956522
Item_1673,Sports,268.91470588235296
Item_1674,Books,249.72617283950618
Item_1675,Books,269.3694029850746
Item_1676,Movies,247.59797619047617
Item_1677,Movies,254.68632352941174
Item_1678,Clothing,256.86059523809524
Item_1679,Sports,246.79984615384615
Item_168,Movies,245.31477611940298
Item_1680,Books,251.3096296296296
Item_1681,Movies,240.34729411764707
Item_1682,Home,269.79189189189185
Item_1683,Music,234.87588235294118
Item_1684,Beauty,240.56444444444443
Item_1685,Beauty,236.0001136363636
Item_1686,Music,260.0105454545455
Item_1687,Home,279.0251685393259
Item_1688,Clothing,239.9312987012987
Item_1689,Home,264.9956989247312
Item_169,Clothing,243.52448717948718
Item_1690,Sports,254.7274324324324
Item_1691,Books,259.2944871794872
Item_1692,Movies,267.8002666666667
Item_1693,Music,245.29556818181817
Item_1694,Electronics,237.57253333333333
Item_1695,Clothing,246.84285714285716
Item_1696,Sports,266.4092
Item_1697,Home,266.0019117647059
Item_1698,Sports,263.65707317073173
Item_1699,Movies,254.7883908045977
Item_17,Sports,271.68202702702706
Item_170,Beauty,239.31875
Item_1700,Music,285.4016049382716
Item_1701,Home,264.79508771929824
Item_1702,Clothing,232.46300000000002
Item_1703,Beauty,208.97171875
Item_1704,Books,224.85026315789472
Item_1705,Electronics,257.5908695652174
Item_1706,Movies,228.74588235294118
Item_1707,Electronics,239.96174603174603
Item_1708,Electronics,259.6363333333333
Item_1709,Clothing,245.94082352941177
Item_171,Music,249.84559523809523
Item_1710,Games,238.6827027027027
Item_1711,Sports,289.5436923076923
Item_1712,Books,260.64098360655737
Item_1713,Movies,271.1345882352941
Item_1714,Sports,262.1028947368421
Item_1715,Beauty,209.96376811594203
Item_1716,Beauty,250.40621951219515
Item_1717,Movies,248.87677083333335
Item_1718,Beauty,225.79524999999998
Item_1719,Books,256.51559999999995
Item_172,Clothing,239.855
Item_1720,Clothing,239.4505681818182
Item_1721,Games,259.3606097560976
Item_1722,Beauty,270.2302409638554
Item_1723,Sports,260.3087012987013
Item_1724,Music,276.24375
Item_1725,Beauty,250.86203125
Item_1726,Electronics,265.71000000000004
Item_1727,Electronics,233.56878048780487
Item_1728,Sports,209.53712328767125
Item_1729,Books,241.42037037037036
Item_173,Sports,245.8247297297297
Item_1730,Music,246.46597402597405
Item_1731,Games,277.0107142857143
Item_1732,Home,255.93473684210528
Item_1733,Sports,245.45014705882355
Item_1734,Music,255.42068493150683
Item_1735,Home,240.80432835820895
Item_1736,Games,270.86833333333334
Item_1737,Games,229.64428571428573
Item_1738,Music,274.3858333333333
Item_1739,Beauty,269.8866265060241
Item_174,Clothing,251.5328947368421
Item_1740,Electronics,227.34353658536583
Item_1741,Electronics,266.54923076923075
Item_1742,Sports,266.0918571428571
Item_1743,Home,252.58454545454543
Item_1744,Movies,256.18743243243244
Item_1745,Clothing,243.20156626506022
Item_1746,Clothing,242.9938888888889
Item_1747,Home,232.7692857142857
Item_1748,Games,245.6546052631579
Item_1749,Games,268.3856944444444
Item_175,Electronics,253.03691176470585
Item_1750,Sports,217.20521126760562
Item_1751,Electronics,253.91942857142857
Item_1752,Music,249.59112676056338
Item_1753,Music,254.87114942528737
Item_1754,Beauty,235.64905405405403
Item_1755,Movies,223.9075324675325
Item_1756,Clothing,290.7142857142857
Item_1757,Beauty,244.34073529411762
Item_1758,Electronics,240.6565625
Item_1759,Sports,252.68702702702703
Item_176,Games,230.34145161290323
Item_1760,Movies,266.24536585365854
Item_1761,Movies,267.8691139240506
Item_1762,Music,235.8034939759036
Item_1763,Games,259.78884057971015
Item_1764,Clothing,264.4483333333333
Item_1765,Electronics,256.71315789473687
Item_1766,Books,261.8336842105263
Item_1767,Clothing,229.1725925925926
Item_1768,Sports,233.43608695652173
Item_1769,Music,243.39987179487179
Item_177,Games,245.10381578947369
Item_1770,Home,245.02719512195122
Item_1771,Books,261.74857142857144
Item_1772,Beauty,253.83322580645162
Item_1773,Electronics,254.18906666666666
Item_1774,Games,271.0381818181818
Item_1775,Music,255.60858823529412
Item_1776,Sports,270.44011627906974
Item_1777,Music,272.61375
Item_1778,Electronics,277.98441176470584
Item_1779,Clothing,236.97537499999999
Item_178,Clothing,261.7597727272727
Item_1780,Movies,262.62571428571425
Item_1781,Games,274.19014925373136
Item_1782,Clothing,260.0312658227848
Item_1783,Movies,252.4331506849315
Item_1784,Sports,275.44015625
Item_1785,Clothing,233.6630588235294
Item_1786,Books,233.9792
Item_1787,Books,306.6675714285714
Item_1788,Sports,242.85666666666665
Item_1789,Clothing,282.82460526315793
Item_179,Books,246.56178082191778
Item_1790,Movies,230.27132530120483
Item_1791,Electronics,239.2576923076923
Item_1792,Sports,264.2824615384616
Item_1793,Sports,271.4170833333333
Item_1794,Movies,264.9455813953488
Item_1795,Sports,243.45382716049386
Item_1796,Clothing,250.85089552238804
Item_1797,Beauty,251.52352112676058
Item_1798,Games,255.24724999999998
Item_1799,Clothing,269.26735294117645
Item_18,Games,266.23597701149424
Item_180,Beauty,259.41806451612905
Item_1800,Movies,248.87145161290323
Item_1801,Music,264.53000000000003
Item_1802,Beauty,254.95015625
Item_1803,Home,228.92241379310346
Item_1804,Books,253.02864864864864
Item_1805,Games,257.6327027027027
Item_1806,Home,238.4339705882353
Item_1807,Books,221.01986842105262
Item_1808,Beauty,263.2311111111111
Item_1809,Books,240.79186813186814
Item_181,Books,293.44412698412697
Item_1810,Music,248.8271052631579
Item_1811,Home,261.3947945205479
Item_1812,Electronics,277.0031868131868
Item_1813,Clothing,250.47102564102565
Item_1814,Home,278.2234523809524
Item_1815,Electronics,257.08382716049385
Item_1816,Movies,245.91853333333333
Item_1817,Movies,277.64788235294117
Item_1818,Electronics,264.9935064935065
Item_1819,Music,229.11333333333334
Item_182,Beauty,229.82583333333332
Item_1820,Music,227.90046875000002
Item_1821,Movies,259.04977528089887
Item_1822,Electronics,270.8537755102041
Item_1823,Books,234.44235294117647
Item_1824,Sports,232.85878378378376
Item_1825,Beauty,237.09411764705882
Item_1826,Sports,224.404875
Item_1827,Sports,244.45
Item_1828,Beauty,250.12432835820897
Item_1829,Movies,267.8410588235294
Item_183,Clothing,264.7934285714286
Item_1830,Movies,271.00369230769235
Item_1831,Sports,262.2691666666667
Item_1832,Books,241.17093023255813
Item_1833,Movies,247.56458333333336
Item_1834,Beauty,241.56671428571426
Item_1835,Beauty,266.9694285714286
Item_1836,Books,261.21101694915257
Item_1837,Music,244.4205
Item_1838,Sports,263.04546666666664
Item_1839,Games,281.8317333333334
Item_184,Games,252.21294117647057
Item_1840,Movies,256.5491025641026
Item_1841,Clothing,239.43924050632913
Item_1842,Electronics,216.44180555555556
Item_1843,Sports,214.3365
Item_1844,Music,258.12936708860764
Item_1845,Electronics,256.77090909090913
Item_1846,Electronics,279.05
Item_1847,Home,254.748875
Item_1848,Beauty,261.42854166666666
Item_1849,Electronics,235.81243589743588
Item_185,Movies,245.22327868852457
Item_1850,Electronics,226.0234065934066
Item_1851,Electronics,223.4131818181818
Item_1852,Games,232.00024096385542
Item_1853,Music,257.6659090909091
Item_1854,Music,244.15927536231885
Item_1855,Sports,236.34840000000003
Item_1856,Clothing,252.9450724637681
Item_1857,Electronics,234.92602564102563
Item_1858,Books,212.63060240963856
Item_1859,Music,215.74850746268658
Item_186,Games,247.53082191780823
Item_1860,Beauty,249.36430555555555
Item_1861,Games,242.41445945945944
Item_1862,Beauty,270.47085714285714
Item_1863,Games,232.26977011494253
Item_1864,Electronics,271.635125
Item_1865,Music,273.5294285714286
Item_1866,Movies,276.59237288135597
Item_1867,Beauty,232.5288888888889
Item_1868,Books,241.20482352941175
Item_1869,Games,215.524
Item_187,Music,252.63090909090906
Item_1870,Beauty,235.94729729729727
Item_1871,Clothing,247.70453333333333
Item_1872,Sports,264.6094871794872
Item_1873,Beauty,235.35903225806453
Item_1874,Home,247.60827160493827
Item_1875,Home,253.8114705882353
Item_1876,Music,279.4663636363636
Item_1877,Beauty,217.87943661971832
Item_1878,Movies,257.47246753246753
Item_1879,Clothing,230.17653846153846
Item_188,Music,249.90069767441858
Item_1880,Movies,279.63092307692307
Item_1881,Books,254.51805194805195
Item_1882,Games,262.4636842105263
Item_1883,Sports,231.80855421686746
Item_1884,Beauty,275.6519230769231
Item_1885,Electronics,246.52855263157892
Item_1886,Movies,245.49493670886073
Item_1887,Sports,285.75451219512195
Item_1888,Games,218.5767213114754
Item_1889,Movies,232.698625
Item_189,Electronics,257.48661971830984
Item_1890,Clothing,239.02405797101449
Item_1891,Books,253.732125
Item_1892,Clothing,249.35934210526318
Item_1893,Books,256.62310344827586
Item_1894,Music,271.07685185185187
Item_1895,Clothing,252.7396875
Item_1896,Home,233.1567441860465
Item_1897,Movies,253.0695
Item_1898,Games,280.93083333333334
Item_1899,Beauty,260.6879220779221
Item_19,Movies,208.46923076923076
Item_190,Sports,225.1872463768116
Item_1900,Music,263.3105194805195
Item_1901,Home,252.35214285714284
Item_1902,Music,251.60966101694913
Item_1903,Clothing,230.60714285714286
Item_1904,Books,248.66772277227722
Item_1905,Clothing,260.3626041666667
Item_1906,Electronics,256.54219178082195
Item_1907,Beauty,261.6142857142857
Item_1908,Movies,273.76662500000003
Item_1909,Music,239.6945
Item_191,Home,251.38316455696204
Item_1910,Home,253.3355128205128
Item_1911,Electronics,234.54986301369863
Item_1912,Beauty,218.12120689655174
Item_1913,Movies,262.0013698630137
Item_1914,Sports,242.57430232558139
Item_1915,Games,232.25036363636363
Item_1916,Home,247.03301369863013
Item_1917,Music,262.8357142857143
Item_1918,Music,238.11999999999998
Item_1919,Movies,276.3634693877551
Item_192,Music,257.57
Item_1920,Music,211.7278409090909
Item_1921,Music,261.13516129032257
Item_1922,Books,278.3213636363636
Item_1923,Movies,264.83941176470586
Item_1924,Games,271.295
Item_1925,Books,247.68125
Item_1926,Clothing,261.1269014084507
Item_1927,Movies,241.6040789473684
Item_1928,Sports,233.23308823529413
Item_1929,Music,233.31362318840578
Item_193,Movies,233.8794594594595
Item_1930,Clothing,253.30723076923078
Item_1931,Electronics,258.3846052631579
Item_1932,Music,227.08348484848486
Item_1933,Books,258.19296296296295
Item_1934,Sports,247.45845070422533
Item_1935,Clothing,265.65583333333336
Item_1936,Beauty,264.1864935064935
Item_1937,Home,243.10803030303032
Item_1938,Electronics,260.8582692307692
Item_1939,Home,249.6206741573034
Item_194,Beauty,236.50160714285715
Item_1940,Sports,302.1151351351351
Item_1941,Beauty,244.64955223880597
Item_1942,Books,245.20958904109588
Item_1943,Books,255.53712121212124
Item_1944,Home,259.0822972972973
Item_1945,Electronics,264.63820512820513
Item_1946,Home,257.3359259259259
Item_1947,Home,234.2206153846154
Item_1948,Clothing,228.2411267605634
Item_1949,Music,250.45070588235296
Item_195,Games,278.48925373134324
Item_1950,Games,245.15305555555557
Item_1951,Home,259.84206349206346
Item_1952,Beauty,237.58945454545454
Item_1953,Clothing,262.1434722222223
Item_1954,Movies,256.2908064516129
Item_1955,Electronics,263.3996
Item_1956,Books,280.43930555555556
Item_1957,Games,251.22871794871796
Item_1958,Beauty,243.59506172839508
Item_1959,Home,259.1038983050848
Item_196,Clothing,274.4202985074627
Item_1960,Movies,234.82028985507247
Item_1961,Games,235.33068493150685
Item_1962,Music,281.7384722222222
Item_1963,Clothing,271.8486813186813
Item_1964,Home,264.2955294117647
Item_1965,Home,249.63750000000002
Item_1966,Movies,262.36353658536586
Item_1967,Clothing,261.87677966101694
Item_1968,Movies,251.47088235294117
Item_1969,Electronics,260.042375
Item_197,Sports,257.91026315789475
Item_1970,Electronics,279.1584810126582
Item_1971,Music,278.2064406779661
Item_1972,Clothing,272.31
Item_1973,Home,280.05729729729734
Item_1974,Beauty,277.5514285714286
Item_1975,Sports,256.17011494252876
Item_1976,Music,266.4085714285714
Item_1977,Electronics,245.3122077922078
Item_1978,Electronics,238.46728395061726
Item_1979,Games,264.0225352112676
Item_198,Clothing,257.18394366197185
Item_1980,Beauty,246.18488372093026
Item_1981,Sports,251.34802325581396
Item_1982,Music,237.73011235955056
Item_1983,Electronics,246.31048387096774
Item_1984,Music,243.27111111111114
Item_1985,Books,236.9327536231884
Item_1986,Beauty,241.2220253164557
Item_1987,Books,248.3621052631579
Item_1988,Sports,301.3604838709677
Item_1989,Clothing,214.86438356164385
Item_199,Games,290.6237662337662
Item_1990,Sports,260.36203125
Item_1991,Electronics,231.89757142857144
Item_1992,Games,232.49178571428573
Item_1993,Music,258.2
Item_1994,Books,258.4105063291139
Item_1995,Clothing,231.30092307692306
Item_1996,Electronics,245.39913043478262
Item_1997,Clothing,238.1430487804878
Item_1998,Games,267.8482051282051
Item_1999,Sports,259.5577142857143
Item_2,Home,270.8867272727273
Item_20,Electronics,260.5013043478261
Item_200,Movies,241.01023529411765
Item_2000,Electronics,225.82166666666666
Item_201,Electronics,275.670606060606
Item_202,Movies,260.3523595505618
Item_203,Sports,274.8813513513514
Item_204,Sports,236.00772727272727
Item_205,Movies,237.81055555555557
Item_206,Music,257.62047619047615
Item_207,Books,228.3317283950617
Item_208,Music,236.7268918918919
Item_209,Clothing,268.5932
Item_21,Books,248.7567088607595
Item_210,Home,233.93843373493976
Item_211,Books,233.17065789473685
Item_212,Clothing,233.54675000000003
Item_213,Home,268.26644736842104
Item_214,Sports,252.2527118644068
Item_215,Electronics,278.7450724637681
Item_216,Movies,246.57486842105263
Item_217,Electronics,229.70283783783782
Item_218,Movies,221.9104347826087
Item_219,Electronics,264.5677142857143
Item_22,Electronics,244.196338028169
Item_220,Home,276.36102564102566
Item_221,Home,250.82776315789474
Item_222,Electronics,235.6603125
Item_223,Beauty,229.99246575342465
Item_224,Electronics,242.10379746835443
Item_225,Sports,270.48918032786884
Item_226,Sports,231.06408450704225
Item_227,Books,249.5
Item_228,Sports,263.7703614457831
Item_229,Clothing,253.53630136986303
Item_23,Home,236.78353846153846
Item_230,Music,250.99891304347827
Item_231,Games,229.67814814814815
Item_232,Books,259.49605263157895
Item_233,Beauty,248.76168539325843
Item_234,Books,264.18625000000003
Item_235,Electronics,254.66291666666666
Item_236,Movies,263.24819277108435
Item_237,Movies,261.72241935483873
Item_238,Sports,300.30865853658537
Item_239,Sports,253.51222222222225
Item_24,Home,254.85853658536587
Item_240,Movies,233.25395061728395
Item_241,Electronics,247.98375000000001
Item_242,Sports,253.68886075949365
Item_243,Clothing,249.4168253968254
Item_244,Beauty,306.70985507246377
Item_245,Sports,246.9403947368421
Item_246,Books,271.3325333333333
Item_247,Movies,236.2358510638298
Item_248,Movies,268.5594029850746
Item_249,Electronics,261.6748051948052
Item_25,Music,266.7084615384615
Item_250,Games,270.1848
Item_251,Beauty,276.568375
Item_252,Beauty,253.19446428571428
Item_253,Clothing,259.02473684210526
Item_254,Music,262.74231884057974
Item_255,Movies,245.35932432432432
Item_256,Sports,231.19136363636363
Item_257,Games,270.48071428571427
Item_258,Music,267.27196078431376
Item_259,Electronics,283.47012820512816
Item_26,Books,260.3204109589041
Item_260,Movies,241.4723595505618
Item_261,Sports,271.2041791044776
Item_262,Clothing,255.20399999999998
Item_263,Beauty,226.8549090909091
Item_264,Sports,251.3151485148515
Item_265,Books,268.04460674157303
Item_266,Games,248.83323529411766
Item_267,Home,245.50354838709677
Item_268,Books,259.2111842105263
Item_269,Games,270.10967032967034
Item_27,Books,249.52397435897436
Item_270,Books,231.10581081081082
Item_271,Home,255.00604938271607
Item_272,Games,253.9118987341772
Item_273,Games,275.735
Item_274,Music,242.3177777777778
Item_275,Home,275.1067088607595
Item_276,Electronics,232.21390476190476
Item_277,Electronics,264.61957746478873
Item_278,Home,237.4309756097561
Item_279,Movies,247.278
Item_28,Music,250.95102564102564
Item_280,Music,266.94951612903225
Item_281,Games,223.49223529411765
Item_282,Music,237.74842857142858
Item_283,Sports,229.26367088607597
Item_284,Sports,239.36037037037036
Item_285,Movies,264.70222222222225
Item_286,Music,251.22431372549022
Item_287,Electronics,248.13389610389612
Item_288,Home,233.767625
Item_289,Music,246.8044285714286
Item_29,Sports,249.91352112676057
Item_290,Books,270.0831578947368
Item_291,Clothing,258.385625
Item_292,Movies,237.82197674418603
Item_293,Movies,224.5801282051282
Item_294,Games,266.0272602739726
Item_295,Electronics,247.99756410256413
Item_296,Movies,262.05267605633804
Item_297,Music,250.56178082191778
Item_298,Books,233.392875
Item_299,Electronics,263.12595505617975
Item_3,Beauty,262.76934210526315
Item_30,Books,250.41383720930233
Item_300,Music,227.106301369863
Item_301,Books,247.52029411764707
Item_302,Books,275.57438356164386
Item_303,Sports,257.6931081081081
Item_304,Electronics,217.71888888888887
Item_305,Electronics,264.971746031746
Item_306,Games,256.89394366197183
Item_307,Electronics,247.04088607594937
Item_308,Books,243.586375
Item_309,Movies,214.20507936507937
Item_31,Beauty,264.4496511627907
Item_310,Sports,231.52178082191782
Item_311,Books,279.903
Item_312,Beauty,269.17234375
Item_313,Games,256.3790909090909
Item_314,Clothing,263.13281690140843
Item_315,Beauty,243.71434210526317
Item_316,Music,267.58048780487803
Item_317,Sports,252.07957894736845
Item_318,Games,273.041
Item_319,Books,246.21932203389832
Item_32,Clothing,266.17030303030305
Item_320,Books,265.89050000000003
Item_321,Beauty,231.59053333333335
Item_322,Electronics,245.30597402597405
Item_323,Books,253.48808219178085
Item_324,Books,246.11069444444445
Item_325,Home,280.2920895522388
Item_326,Clothing,213.96309859154928
Item_327,Books,251.61960000000002
Item_328,Electronics,242.25506849315067
Item_329,Books,233.54013157894735
Item_33,Music,298.46125
Item_330,Books,255.34934210526316
Item_331,Music,238.13944444444445
Item_332,Sports,249.65236111111113
Item_333,Home,253.60091836734694
Item_334,Music,247.1410975609756
Item_335,Home,265.0805
Item_336,Home,283.07220588235293
Item_337,Music,266.50835820895526
Item_338,Books,244.02444444444447
Item_339,Home,291.90177215189874
Item_34,Movies,255.83426666666665
Item_340,Clothing,269.57952941176467
Item_341,Movies,258.8139240506329
Item_342,Clothing,231.55569230769228
Item_343,Home,236.25489361702128
Item_344,Beauty,276.0316438356165
Item_345,Games,252.1108988764045
Item_346,Clothing,254.0213513513513
Item_347,Music,258.28366197183095
Item_348,Sports,268.6063157894737
Item_349,Home,217.79484375
Item_35,Books,263.1098484848485
Item_350,Home,239.08818181818182
Item_351,Home,252.13625
Item_352,Beauty,248.5
Item_353,Movies,236.98565789473685
Item_354,Sports,228.18846153846155
Item_355,Clothing,248.6825
Item_356,Books,237.94226190476192
Item_357,Music,256.59661971830985
Item_358,Sports,242.35171052631577
Item_359,Books,243.40464285714287
Item_36,Electronics,264.3787037037037
Item_360,Clothing,222.57926829268294
Item_361,Sports,254.53512820512822
Item_362,Home,236.3651948051948
Item_363,Home,208.1964864864865
Item_364,Movies,242.23089552238804
Item_365,Home,270.13565217391306
Item_366,Games,279.6133898305084
Item_367,Beauty,250.0416129032258
Item_368,Electronics,246.02936507936508
Item_369,Electronics,226.76170212765956
Item_37,Electronics,247.8191304347826
Item_370,Electronics,250.48888888888888
Item_371,Clothing,268.06692307692305
Item_372,Beauty,276.8291891891892
Item_373,Beauty,252.37682352941175
Item_374,Clothing,274.0716129032258
Item_375,Books,239.35974025974028
Item_376,Games,263.3835294117647
Item_377,Movies,251.37137931034485
Item_378,Music,245.56706896551722
Item_379,Home,264.98407407407404
Item_38,Music,234.63896103896104
Item_380,Beauty,237.1840506329114
Item_381,Music,260.8692405063291
Item_382,Movies,227.68905405405408
Item_383,Clothing,270.57737499999996
Item_384,Home,249.2721917808219
Item_385,Beauty,250.27809523809523
Item_386,Beauty,278.60074626865674
Item_387,Beauty,258.39458333333334
Item_388,Beauty,253.054
Item_389,Clothing,282.78051282051285
Item_39,Electronics,270.796
Item_390,Movies,232.0674683544304
Item_391,Electronics,265.44901408450704
Item_392,Music,251.275375
Item_393,Books,243.21121212121213
Item_394,Music,263.19173913043477
Item_395,Electronics,245.52344262295082
Item_396,Home,231.20098591549296
Item_397,Books,253.18913978494624
Item_398,Music,276.87855263157894
Item_399,Games,263.75439393939394
Item_4,Books,264.2696052631579
Item_40,Games,237.92459770114942
Item_400,Clothing,244.3491891891892
Item_401,Music,269.1235
Item_402,Electronics,243.49044776119405
Item_403,Beauty,296.41042253521124
Item_404,Movies,273.0979411764706
Item_405,Beauty,267.6088888888889
Item_406,Beauty,278.44641791044774
Item_407,Beauty,234.77784810126585
Item_408,Sports,242.03822784810126
Item_409,Beauty,253.40666666666667
Item_41,Sports,267.74175675675673
Item_410,Books,259.4148148148148
Item_411,Movies,269.26753623188404
Item_412,Home,289.72253164556963
Item_413,Movies,257.27447368421053
Item_414,Clothing,235.2616923076923
Item_415,Games,263.4844615384616
Item_416,Movies,245.35475409836064
Item_417,Movies,230.05506666666668
Item_418,Books,198.10343749999998
Item_419,Clothing,289.0815151515152
Item_42,Books,237.2344736842105
Item_420,Music,296.5081012658228
Item_421,Sports,244.94878378378377
Item_422,Books,273.471
Item_423,Clothing,226.13870588235295
Item_424,Beauty,263.18123287671233
Item_425,Electronics,258.54494623655916
Item_426,Movies,247.0616923076923
Item_427,Clothing,260.30185714285716
Item_428,Electronics,241.49957142857144
Item_429,Sports,212.44543209876545
Item_43,Music,250.7164
Item_430,Clothing,265.6084210526316
Item_431,Home,253.0167105263158
Item_432,Home,264.0968493150685
Item_433,Games,263.8916216216216
Item_434,Music,226.61575
Item_435,Games,257.02440476190475
Item_436,Clothing,255.66115942028983
Item_437,Books,280.63096385542167
Item_438,Sports,232.52382716049382
Item_439,Sports,265.1902666666667
Item_44,Games,231.4269117647059
Item_440,Home,230.61384615384617
Item_441,Home,252.78172839506172
Item_442,Books,247.0172
Item_443,Beauty,234.80842105263156
Item_444,Clothing,252.66555555555558
Item_445,Beauty,243.6803947368421
Item_446,Movies,260.6349315068493
Item_447,Books,255.05987179487178
Item_448,Music,243.8402380952381
Item_449,Home,255.04999999999998
Item_45,Movies,257.4789610389611
Item_450,Games,235.29351648351647
Item_451,Books,266.4681927710843
Item_452,Movies,258.20951219512193
Item_453,Movies,266.56583333333333
Item_454,Electronics,250.77869047619046
Item_455,Movies,264.8651136363637
Item_456,Sports,213.16172413793103
Item_457,Beauty,248.62642857142856
Item_458,Movies,245.4448611111111
Item_459,Books,259.6195698924731
Item_46,Sports,280.6575342465753
Item_460,Games,240.17929577464787
Item_461,Clothing,230.03672131147542
Item_462,Games,262.6287671232877
Item_463,Clothing,246.17867469879516
Item_464,Music,268.88267441860467
Item_465,Music,264.22859154929574
Item_466,Books,233.9561111111111
Item_467,Games,248.24779411764703
Item_468,Games,246.3156164383562
Item_469,Books,249.1459756097561
Item_47,Home,252.11707692307692
Item_470,Games,254.615625
Item_471,Music,249.15569230769233
Item_472,Books,258.2611267605634
Item_473,Electronics,292.4698734177215
Item_474,Electronics,260.88614285714283
Item_475,Movies,260.9340243902439
Item_476,Books,223.12553846153847
Item_477,Beauty,245.00814814814814
Item_478,Electronics,239.11
Item_479,Home,273.5229577464789
Item_48,Clothing,265.7395061728395
Item_480,Sports,281.024
Item_481,Movies,231.73289156626507
Item_482,Games,260.89842857142855
Item_483,Beauty,272.88
Item_484,Sports,276.88814285714284
Item_485,Movies,240.71016393442622
Item_486,Home,222.80888888888887
Item_487,Music,252.49681159420288
Item_488,Music,278.8547191011236
Item_489,Clothing,269.31459459459455
Item_49,Home,233.24871428571427
Item_490,Music,260.2464935064935
Item_491,Music,229.18466666666666
Item_492,Home,264.954126984127
Item_493,Home,256.2238554216868
Item_494,Books,260.0228846153846
Item_495,Sports,276.2183561643835
Item_496,Sports,257.44898876404494
Item_497,Music,242.35576923076923
Item_498,Games,255.65013698630136
Item_499,Movies,260.312987012987
Item_5,Games,255.97558139534885
Item_50,Books,268.67291666666665
Item_500,Beauty,226.87180555555557
Item_501,Electronics,258.74253012048194
Item_502,Beauty,265.00140625
Item_503,Books,240.71336842105265
Item_504,Clothing,255.71428571428572
Item_505,Music,274.2828
Item_506,Music,245.14769230769232
Item_507,Movies,247.49252525252524
Item_508,Movies,260.07785714285717
Item_509,Beauty,249.41285714285718
Item_51,Games,252.62333333333333
Item_510,Clothing,263.87256097560976
Item_511,Home,262.09973333333335
Item_512,Books,255.32182926829267
Item_513,Books,250.49303797468355
Item_514,Clothing,252.46432098765433
Item_515,Electronics,283.53555555555556
Item_516,Games,279.7845
Item_517,Books,299.438
Item_518,Movies,250.51718309859157
Item_519,Movies,253.3086956521739
Item_52,Movies,221.7044871794872
Item_520,Clothing,270.88068493150683
Item_521,Electronics,243.43810810810808
Item_522,Beauty,235.15101449275363
Item_523,Movies,286.6033783783784
Item_524,Home,247.25857142857143
Item_525,Games,264.48379746835445
Item_526,Sports,250.5242857142857
Item_527,Books,272.9666216216216
Item_528,Clothing,289.9644594594594
Item_529,Clothing,259.16875
Item_53,Books,257.0726388888889
Item_530,Beauty,226.3662162162162
Item_531,Books,250.40910256410257
Item_532,Electronics,252.7544155844156
Item_533,Home,223.33196721311475
Item_534,Electronics,258.1335802469136
Item_535,Music,231.2719696969697
Item_536,Music,244.95418604651164
Item_537,Movies,258.528
Item_538,Beauty,261.1027380952381
Item_539,Music,240.19264705882352
Item_54,Games,246.14653333333337
Item_540,Movies,283.71640625
Item_541,Movies,206.59054054054056
Item_542,Books,241.56285714285713
Item_543,Games,234.38244186046512
Item_544,Music,250.51833333333335
Item_545,Electronics,238.6177027027027
Item_546,Sports,274.5347142857143
Item_547,Clothing,245.6085135135135
Item_548,Clothing,269.075
Item_549,Sports,278.90843373493976
Item_55,Beauty,247.82014285714286
Item_550,Beauty,281.21488095238095
Item_551,Beauty,272.18
Item_552,Home,243.27107692307692
Item_553,Clothing,268.90012658227846
Item_554,Clothing,247.7158536585366
Item_555,Movies,277.05820512820515
Item_556,Games,255.29264705882355
Item_557,Electronics,256.16
Item_558,Beauty,261.424126984127
Item_559,Home,239.5296052631579
Item_56,Sports,258.7894202898551
Item_560,Clothing,257.0521794871795
Item_561,Sports,291.2214473684211
Item_562,Clothing,235.09835820895523
Item_563,Beauty,242.06324324324325
Item_564,Electronics,265.7796341463415
Item_565,Electronics,235.089
Item_566,Books,235.4912162162162
Item_567,Sports,231.56394736842105
Item_568,Games,266.8492063492063
Item_569,Music,233.0839024390244
Item_57,Games,243.7855681818182
Item_570,Home,267.16927536231884
Item_571,Books,250.0625
Item_572,Games,240.5623076923077
Item_573,Books,282.8485185185185
Item_574,Beauty,245.31548387096774
Item_575,Movies,274.8546268656716
Item_576,Home,264.3576388888889
Item_577,Movies,232.7215789473684
Item_578,Movies,248.50304347826085
Item_579,Games,274.40608695652173
Item_58,Music,249.55700000000002
Item_580,Electronics,267.27661764705886
Item_581,Books,257.451511627907
Item_582,Movies,267.79328767123286
Item_583,Electronics,236.2462195121951
Item_584,Electronics,267.6823076923077
Item_585,Electronics,243.55791044776117
Item_586,Books,241.32364864864866
Item_587,Sports,251.16694117647057
Item_588,Books,225.23641791044776
Item_589,Music,246.678
Item_59,Books,255.9664864864865
Item_590,Books,252.51397260273973
Item_591,Books,263.63473684210527
Item_592,Movies,251.4410606060606
Item_593,Movies,241.62243902439025
Item_594,Movies,205.74774647887324
Item_595,Clothing,228.4358163265306
Item_596,Clothing,284.0242857142857
Item_597,Clothing,268.8693650793651
Item_598,Clothing,288.4030985915493
Item_599,Home,252.0201612903226
Item_6,Books,257.96356164383565
Item_60,Clothing,290.1667605633803
Item_600,Clothing,236.80702702702703
Item_601,Home,254.87430232558137
Item_602,Music,240.45410256410256
Item_603,Beauty,231.90774647887324
Item_604,Beauty,229.35060606060605
Item_605,Beauty,248.46741379310345
Item_606,Home,279.0764935064935
Item_607,Music,246.91698630136983
Item_608,Music,264.5232352941176
Item_609,Books,249.43559523809523
Item_61,Music,260.17492537313433
Item_610,Electronics,255.30067567567568
Item_611,Movies,263.69085714285717
Item_612,Beauty,248.68641791044777
Item_613,Sports,252.04764705882351
Item_614,Beauty,233.9186075949367
Item_615,Books,223.95657534246575
Item_616,Clothing,253.06052631578945
Item_617,Movies,250.47734375
Item_618,Beauty,222.54815789473685
Item_619,Music,260.0920779220779
Item_62,Games,247.27426666666668
Item_620,Electronics,277.08864864864864
Item_621,Home,255.34931506849315
Item_622,Music,245.85258620689658
Item_623,Movies,262.3652380952381
Item_624,Books,271.53647727272727
Item_625,Sports,260.575625
Item_626,Clothing,241.39544117647057
Item_627,Electronics,279.43529411764706
Item_628,Games,251.52217948717947
Item_629,Beauty,261.0916883116883
Item_63,Books,267.939014084507
Item_630,Books,288.40358974358975
Item_631,Electronics,245.64641975308643
Item_632,Books,265.455671641791
Item_633,Clothing,250.8518918918919
Item_634,Beauty,267.88397260273973
Item_635,Sports,250.09011904761905
Item_636,Electronics,254.00069767441863
Item_637,Electronics,240.4144578313253
Item_638,Games,263.4462666666667
Item_639,Music,260.0786567164179
Item_64,Home,264.3324193548387
Item_640,Clothing,273.7958227848101
Item_641,Movies,262.104625
Item_642,Electronics,262.4221052631579
Item_643,Books,255.7587804878049
Item_644,Books,267.1719178082192
Item_645,Movies,240.1713333333333
Item_646,Clothing,257.4182857142857
Item_647,Home,255.127625
Item_648,Electronics,218.91805555555555
Item_649,Beauty,252.5644117647059
Item_65,Books,272.522
Item_650,Sports,246.08371794871795
Item_651,Movies,283.79614285714285
Item_652,Beauty,264.44372093023253
Item_653,Books,252.55162790697673
Item_654,Beauty,252.0919512195122
Item_655,Clothing,242.37384615384613
Item_656,Home,234.51620253164555
Item_657,Games,248.85833333333335
Item_658,Sports,266.4505172413793
Item_659,Books,245.51402985074625
Item_66,Electronics,261.72676056338025
Item_660,Beauty,271.21705882352944
Item_661,Electronics,235.57097222222222
Item_662,Home,213.92931034482757
Item_663,Clothing,225.5670930232558
Item_664,Electronics,244.84506493506493
Item_665,Electronics,230.5476712328767
Item_666,Sports,289.9538709677419
Item_667,Books,232.22561797752812
Item_668,Movies,248.37486842105264
Item_669,Games,272.6488607594937
Item_67,Games,226.5862666666667
Item_670,Home,231.48712500000002
Item_671,Sports,259.01936507936506
Item_672,Movies,255.68872093023256
Item_673,Electronics,224.00981481481483
Item_674,Games,237.6824
Item_675,Books,254.47064102564102
Item_676,Beauty,246.79025316455696
Item_677,Games,253.50281690140847
Item_678,Movies,258.3653703703704
Item_679,Electronics,257.90835820895524
Item_68,Books,201.49819672131147
Item_680,Books,228.735
Item_681,Clothing,263.4749315068493
Item_682,Books,242.449375
Item_683,Home,235.63242424242424
Item_684,Beauty,233.94071428571428
Item_685,Movies,233.73774647887325
Item_686,Clothing,261.57546666666667
Item_687,Movies,239.5
Item_688,Games,254.72258064516132
Item_689,Books,237.4284415584416
Item_69,Beauty,236.31094594594592
Item_690,Movies,238.1160273972603
Item_691,Electronics,244.62466666666666
Item_692,Electronics,252.90075000000002
Item_693,Sports,241.33272727272725
Item_694,Music,238.7052564102564
Item_695,Home,244.35986301369863
Item_696,Clothing,248.61196969696968
Item_697,Movies,239.4461956521739
Item_698,Home,233.40652173913043
Item_699,Home,235.2965625
Item_7,Home,236.47417721518985
Item_70,Sports,254.32328571428573
Item_700,Home,280.4713924050633
Item_701,Music,267.9044927536232
Item_702,Beauty,272.9130985915493
Item_703,Beauty,275.5666265060241
Item_704,Books,251.1508988764045
Item_705,Games,240.32359375
Item_706,Clothing,283.4193975903615
Item_707,Games,261.62548387096774
Item_708,Clothing,292.57013698630135
Item_709,Electronics,252.38830985915493
Item_71,Clothing,243.41808823529414
Item_710,Books,251.67712328767124
Item_711,Movies,239.08785714285716
Item_712,Sports,247.76
Item_713,Movies,272.0661428571429
Item_714,Music,253.0890361445783
Item_715,Movies,247.07782051282052
Item_716,Beauty,233.39616279069767
Item_717,Music,239.40956521739128
Item_718,Movies,238.5023611111111
Item_719,Books,217.68454545454546
Item_72,Electronics,222.82376811594204
Item_720,Beauty,264.23621212121213
Item_721,Home,235.428875
Item_722,Home,270.50494505494504
Item_723,Music,265.13342105263155
Item_724,Movies,262.0962121212121
Item_725,Music,285.5873076923077
Item_726,Home,237.71986486486486
Item_727,Clothing,255.06470588235294
Item_728,Sports,276.661
Item_729,Clothing,277.26222222222225
Item_73,Electronics,275.1432307692308
Item_730,Beauty,296.9109589041096
Item_731,Clothing,268.22445945945947
Item_732,Home,233.81206896551726
Item_733,Clothing,271.4978461538462
Item_734,Clothing,273.272
Item_735,Movies,261.87441860465117
Item_736,Movies,275.71974025974026
Item_737,Sports,265.3275324675325
Item_738,Sports,274.7019178082192
Item_739,Music,235.85777777777778
Item_74,Beauty,236.72734939759036
Item_740,Sports,209.49675675675675
Item_741,Electronics,238.29014705882352
Item_742,Music,247.33387499999998
Item_743,Music,263.34666666666664
Item_744,Home,232.02070588235293
Item_745,Music,229.94652173913042
Item_746,Electronics,237.32147368421053
Item_747,Beauty,243.22590909090908
Item_748,Books,260.9064383561644
Item_749,Music,225.92728571428572
Item_75,Games,236.4572619047619
Item_750,Home,256.07882352941175
Item_751,Home,250.87144927536232
Item_752,Beauty,242.88323529411767
Item_753,Home,215.35
Item_754,Movies,263.8392857142857
Item_755,Sports,267.8376811594203
Item_756,Clothing,250.52
Item_757,Movies,268.0978082191781
Item_758,Beauty,235.30037974683543
Item_759,Electronics,260.27125
Item_76,Games,228.3711842105263
Item_760,Games,244.58879310344827
Item_761,Beauty,255.76179104477615
Item_762,Movies,253.6657142857143
Item_763,Beauty,255.3688
Item_764,Games,254.5432857142857
Item_765,Clothing,255.95955882352942
Item_766,Books,258.86422535211267
Item_767,Electronics,258.6696470588235
Item_768,Home,261.28289855072467
Item_769,Sports,248.47253731343284
Item_77,Home,262.05953846153847
Item_770,Books,282.87788732394364
Item_771,Clothing,226.29694444444442
Item_772,Sports,234.27147058823527
Item_773,Sports,236.30597402597405
Item_774,Electronics,241.3045054945055
Item_775,Beauty,284.18552631578945
Item_776,Sports,244.80479452054794
Item_777,Games,239.74826086956523
Item_778,Movies,261.60319444444445
Item_779,Movies,248.82779220779224
Item_78,Home,243.65840579710147
Item_780,Games,280.8807142857143
Item_781,Games,241.40274193548387
Item_782,Clothing,242.08373493975904
Item_783,Clothing,265.602962962963
Item_784,Clothing,261.8438157894737
Item_785,Books,248.40500000000003
Item_786,Electronics,260.7992857142857
Item_787,Games,243.67913043478262
Item_788,Music,233.70714285714288
Item_789,Beauty,250.59343283582086
Item_79,Movies,264.6878205128205
Item_790,Clothing,287.5981428571428
Item_791,Books,236.87460526315792
Item_792,Sports,287.67594594594595
Item_793,Clothing,237.92
Item_794,Clothing,267.47213483146066
Item_795,Electronics,257.6255882352941
Item_796,Beauty,231.10939024390245
Item_797,Electronics,263.33014925373135
Item_798,Music,239.24813953488373
Item_799,Home,231.6605479452055
Item_8,Electronics,234.49275000000003
Item_80,Books,229.07402777777781
Item_800,Movies,259.0950617283951
Item_801,Music,247.06647058823532
Item_802,Beauty,251.13775
Item_803,Clothing,277.12611111111113
Item_804,Games,295.535
Item_805,Beauty,234.3547619047619
Item_806,Movies,248.68897435897438
Item_807,Clothing,267.2002197802198
Item_808,Beauty,251.97674418604652
Item_809,Music,275.5763513513514
Item_81,Sports,252.35500000000002
Item_810,Electronics,244.47515151515154
Item_811,Clothing,277.7008333333333
Item_812,Movies,249.37014492753624
Item_813,Games,242.90614285714287
Item_814,Music,269.98397260273975
Item_815,Music,249.58407894736843
Item_816,Movies,260.30884615384616
Item_817,Clothing,262.99863636363636
Item_818,Beauty,258.0002777777778
Item_819,Music,232.60084337349397
Item_82,Clothing,246.39026666666666
Item_820,Books,285.5346052631579
Item_821,Movies,271.08973684210525
Item_822,Beauty,269.82222222222225
Item_823,Music,241.2455681818182
Item_824,Games,258.5317857142857
Item_825,Beauty,267.19425
Item_826,Home,256.81
Item_827,Games,282.2160606060606
Item_828,Books,234.98219178082192
Item_829,Books,253.75338235294117
Item_83,Beauty,243.11346666666665
Item_830,Electronics,275.46054794520546
Item_831,Beauty,239.65146666666666
Item_832,Home,272.99266666666665
Item_833,Beauty,243.3429268292683
Item_834,Books,240.25263888888887
Item_835,Games,260.1771428571429
Item_836,Games,240.25924050632912
Item_837,Books,227.78868852459019
Item_838,Electronics,260.1153125
Item_839,Electronics,247.90916666666666
Item_84,Home,249.6916666666667
Item_840,Music,234.22625
Item_841,Sports,282.1043103448276
Item_842,Games,245.94645569620255
Item_843,Beauty,263.328253968254
Item_844,Beauty,260.3276041666667
Item_845,Clothing,269.81287499999996
Item_846,Sports,256.2248837209302
Item_847,Games,248.4639285714286
Item_848,Sports,279.26193181818184
Item_849,Sports,282.0718292682927
Item_85,Sports,260.1324705882353
Item_850,Home,231.4608219178082
Item_851,Books,248.0091935483871
Item_852,Beauty,259.87023529411766
Item_853,Beauty,249.41860465116278
Item_854,Clothing,246.77371428571428
Item_855,Beauty,268.0020588235294
Item_856,Beauty,241.80878048780488
Item_857,Clothing,240.38573033707868
Item_858,Games,232.0461728395062
Item_859,Music,225.76166666666668
Item_86,Sports,250.6020588235294
Item_860,Beauty,265.16363636363633
Item_861,Sports,272.7715625
Item_862,Sports,271.3457352941177
Item_863,Games,240.20299999999997
Item_864,Sports,257.007012987013
Item_865,Movies,248.52835820895524
Item_866,Games,257.34046511627906
Item_867,Beauty,227.7519718309859
Item_868,Home,243.7642028985507
Item_869,Books,248.026
Item_87,Movies,253.79012987012987
Item_870,Movies,288.01608695652175
Item_871,Clothing,267.7872
Item_872,Home,260.4903125
Item_873,Books,254.5573033707865
Item_874,Sports,271.48121621621624
Item_875,Electronics,234.12190476190477
Item_876,Beauty,252.8948717948718
Item_877,Games,258.4547058823529
Item_878,Beauty,257.1821794871795
Item_879,Movies,270.67569230769226
Item_88,Music,263.12462500000004
Item_880,Music,243.39527472527473
Item_881,Music,228.46931034482756
Item_882,Books,251.3431884057971
Item_883,Music,257.70261363636365
Item_884,Clothing,275.9346376811594
Item_885,Beauty,240.8692857142857
Item_886,Electronics,239.4481818181818
Item_887,Sports,231.3536111111111
Item_888,Beauty,260.23811594202897
Item_889,Movies,246.736375
Item_89,Electronics,241.27298507462686
Item_890,Music,246.07988095238093
Item_891,Sports,250.37646153846154
Item_892,Clothing,267.6806329113924
Item_893,Books,278.28705882352943
Item_894,Books,260.08235294117645
Item_895,Sports,257.7348648648649
Item_896,Books,261.89986111111114
Item_897,Movies,260.1654761904762
Item_898,Electronics,280.24115384615385
Item_899,Music,231.69858974358976
Item_9,Books,243.39125
Item_90,Home,256.60177215189873
Item_900,Beauty,231.11604938271606
Item_901,Beauty,262.08024096385543
Item_902,Games,285.5778125
Item_903,Beauty,291.18702702702706
Item_904,Games,246.73372093023255
Item_905,Beauty,263.561125
Item_906,Music,247.70164179104475
Item_907,Electronics,270.3541111111111
Item_908,Movies,252.1076
Item_909,Clothing,237.07540229885058
Item_91,Home,238.52784615384616
Item_910,Electronics,210.8325806451613
Item_911,Clothing,268.8359375
Item_912,Home,264.8304838709678
Item_913,Electronics,244.54846153846154
Item_914,Music,239.7823287671233
Item_915,Beauty,241.44847457627117
Item_916,Clothing,262.2289610389611
Item_917,Home,235.2253012048193
Item_918,Music,257.6440322580645
Item_919,Electronics,232.52329268292684
Item_92,Games,231.47927710843373
Item_920,Beauty,245.22022222222222
Item_921,Clothing,233.42732394366197
Item_922,Movies,210.49426470588236
Item_923,Beauty,272.74098591549296
Item_924,Home,260.30743243243245
Item_925,Books,230.35012345679013
Item_926,Electronics,254.9239189189189
Item_927,Beauty,254.35505617977526
Item_928,Sports,260.4118309859155
Item_929,Music,247.46741573033705
Item_93,Electronics,243.88655172413795
Item_930,Electronics,272.21925373134326
Item_931,Sports,244.4241176470588
Item_932,Games,247.55513157894734
Item_933,Clothing,248.53121621621622
Item_934,Books,233.5374025974026
Item_935,Beauty,253.38264705882352
Item_936,Electronics,238.421
Item_937,Music,244.66853658536584
Item_938,Books,271.61487804878044
Item_939,Sports,236.16465753424657
Item_94,Music,247.10814285714287
Item_940,Music,232.26080000000002
Item_941,Home,246.88428571428574
Item_942,Sports,278.1782857142857
Item_943,Games,243.25565217391303
Item_944,Games,264.33531645569616
Item_945,Home,245.1142528735632
Item_946,Clothing,247.54605263157896
Item_947,Home,253.43988764044946
Item_948,Books,246.67478260869566
Item_949,Movies,241.21972972972972
Item_95,Sports,267.1497297297297
Item_950,Clothing,252.39434782608694
Item_951,Beauty,249.94455555555552
Item_952,Movies,273.1946376811594
Item_953,Clothing,271.00461538461536
Item_954,Movies,227.23183098591548
Item_955,Beauty,256.9401612903226
Item_956,Books,253.9969014084507
Item_957,Sports,255.58485294117648
Item_958,Music,260.0455844155844
Item_959,Sports,252.15880952380954
Item_96,Sports,247.09931506849315
Item_960,Music,238.7636507936508
Item_961,Electronics,254.0518309859155
Item_962,Games,263.4829347826087
Item_963,Clothing,227.98209677419354
Item_964,Music,261.86591549295775
Item_965,Books,263.17094594594596
Item_966,Electronics,243.56589041095893
Item_967,Games,223.9625352112676
Item_968,Music,233.30902777777777
Item_969,Home,256.98075268817206
Item_97,Electronics,230.61520547945204
Item_970,Electronics,240.6503125
Item_971,Movies,245.3110843373494
Item_972,Movies,227.002
Item_973,Sports,203.7668918918919
Item_974,Electronics,243.93936708860758
Item_975,Games,282.7465573770492
Item_976,Movies,241.090625
Item_977,Books,222.5638888888889
Item_978,Games,261.06880597014924
Item_979,Electronics,226.3381690140845
Item_98,Movies,224.39623188405798
Item_980,Music,267.4449425287356
Item_981,Electronics,280.70040540540543
Item_982,Music,249.5905194805195
Item_983,Sports,258.70260869565215
Item_984,Home,249.8372463768116
Item_985,Movies,244.4076119402985
Item_986,Clothing,255.12107526881718
Item_987,Music,239.36681159420291
Item_988,Games,239.52230769230772
Item_989,Books,239.70577464788732
Item_99,Home,255.3296923076923
Item_990,Music,264.9330985915493
Item_991,Music,283.7238095238095
Item_992,Books,258.5567105263158
Item_993,Clothing,261.5198734177215
Item_994,Sports,282.8939189189189
Item_995,Books,244.63760563380282
Item_996,Music,276.29465753424654
Item_997,Beauty,280.27235294117645
Item_998,Games,249.4987323943662
Item_999,Books,233.71333333333334
